{
  "hit@5": 0.7666666666666667,
  "hit@10": 0.8958333333333334,
  "MRR": 0.4788921957671957,
  "RepeatJaccard@10": 0.9784219450092773,
  "RepeatExactMatch@10": 0.8612037037037037,
  "ParaphraseJaccard@10": 0.7815990823666262,
  "ParaphraseExactMatch@10": 0.02222222222222222,
  "p95_latency_ms": 1791.396171785891,
  "hit_at_5": 0.7666666666666667,
  "hit_at_10": 0.8958333333333334,
  "mrr": 0.4788921957671957,
  "repeat_stability_jaccard_at_10": 0.9784219450092773,
  "paraphrase_stability_jaccard_at_10": 0.7815990823666262,
  "query_count": 240,
  "deterministic_repeats": 10,
  "primary_mode_name": "full_240_det_true"
}
