{
  "total": 79,
  "failures": 1,
  "env": {
    "AGENT_SECOND_STAGE_DOC_RETRIEVE_ENABLED": "false",
    "AGENT_EARLY_PAGE_PENALTY_ENABLED": "true",
    "AGENT_EARLY_PAGE_PENALTY_MAX_PAGE": "2",
    "AGENT_EARLY_PAGE_PENALTY_FACTOR": "0.2",
    "AGENT_SECOND_STAGE_MAX_DOC_IDS": "",
    "AGENT_SECOND_STAGE_TOP_K": ""
  },
  "doc_hit": {
    "@1": {
      "count": 51,
      "ratio": 0.6455696202531646
    },
    "@3": {
      "count": 56,
      "ratio": 0.7088607594936709
    },
    "@5": {
      "count": 59,
      "ratio": 0.7468354430379747
    },
    "@10": {
      "count": 61,
      "ratio": 0.7721518987341772
    }
  },
  "page_hit": {
    "@1": {
      "count": 31,
      "ratio": 0.3924050632911392
    },
    "@3": {
      "count": 51,
      "ratio": 0.6455696202531646
    },
    "@5": {
      "count": 55,
      "ratio": 0.6962025316455697
    },
    "@10": {
      "count": 60,
      "ratio": 0.759493670886076
    }
  }
}