{
  "total": 79,
  "failures": 3,
  "env": {
    "AGENT_SECOND_STAGE_DOC_RETRIEVE_ENABLED": "true",
    "AGENT_EARLY_PAGE_PENALTY_ENABLED": "true",
    "AGENT_EARLY_PAGE_PENALTY_MAX_PAGE": "2",
    "AGENT_EARLY_PAGE_PENALTY_FACTOR": "0.3",
    "AGENT_SECOND_STAGE_MAX_DOC_IDS": "",
    "AGENT_SECOND_STAGE_TOP_K": ""
  },
  "doc_hit": {
    "@1": {
      "count": 33,
      "ratio": 0.4177215189873418
    },
    "@3": {
      "count": 34,
      "ratio": 0.43037974683544306
    },
    "@5": {
      "count": 37,
      "ratio": 0.46835443037974683
    },
    "@10": {
      "count": 48,
      "ratio": 0.6075949367088608
    }
  },
  "page_hit": {
    "@1": {
      "count": 24,
      "ratio": 0.3037974683544304
    },
    "@3": {
      "count": 33,
      "ratio": 0.4177215189873418
    },
    "@5": {
      "count": 36,
      "ratio": 0.45569620253164556
    },
    "@10": {
      "count": 44,
      "ratio": 0.5569620253164557
    }
  }
}