configuration,hit@5,hit@10,MRR,Stability@10 (repeat),Stability@10 (paraphrase),p95_latency_ms,query_count,repeats
"Baseline (v1, nondet)",0.0,0.0,0.0,0.0,0.0,10737.188230268657,6,1
Deterministic protocol,0.0,0.0,0.0,1.0,0.0,1126.9964100793004,6,2
"Stability-aware MQ (v2, nondet)",0.3333333333333333,1.0,0.4255952380952381,0.0,0.9545454545454546,11033.728265203536,6,1
