query_doc_type,system_id,n_queries,n_ok,n_skipped,mean_raw_cont@5,mean_adj_cont@5,mean_shared@5,mean_ce@5,mean_hit@5,mean_mrr
sop,B0,79,79,0,0.6658227848101266,0.5544303797468355,0.11139240506329115,0.9746835443037974,1.0,0.9177215189873418
sop,B1,79,79,0,0.46329113924050636,0.39746835443037976,0.06582278481012659,0.9113924050632911,1.0,0.941350210970464
sop,B2,79,79,0,0.6582278481012658,0.5493670886075949,0.10886075949367088,0.9746835443037974,1.0,0.930379746835443
sop,B3,79,79,0,0.6911392405063291,0.5620253164556962,0.12911392405063293,0.9746835443037974,1.0,0.938818565400844
sop,B4,79,79,0,0.7088607594936709,0.5493670886075949,0.15949367088607594,0.9240506329113924,0.8987341772151899,0.8438818565400844
sop,P1,79,79,0,0.9544303797468355,0.0,0.9544303797468355,0.0,0.16455696202531644,0.16455696202531644
