{
  "total": 79,
  "failures": 30,
  "env": {
    "AGENT_SECOND_STAGE_DOC_RETRIEVE_ENABLED": "",
    "AGENT_EARLY_PAGE_PENALTY_ENABLED": "",
    "AGENT_EARLY_PAGE_PENALTY_MAX_PAGE": "",
    "AGENT_EARLY_PAGE_PENALTY_FACTOR": "",
    "AGENT_SECOND_STAGE_MAX_DOC_IDS": "",
    "AGENT_SECOND_STAGE_TOP_K": ""
  },
  "doc_hit": {
    "@1": {
      "count": 31,
      "ratio": 0.3924050632911392
    },
    "@3": {
      "count": 33,
      "ratio": 0.4177215189873418
    },
    "@5": {
      "count": 33,
      "ratio": 0.4177215189873418
    },
    "@10": {
      "count": 41,
      "ratio": 0.5189873417721519
    }
  },
  "page_hit": {
    "@1": {
      "count": 11,
      "ratio": 0.13924050632911392
    },
    "@3": {
      "count": 28,
      "ratio": 0.35443037974683544
    },
    "@5": {
      "count": 29,
      "ratio": 0.3670886075949367
    },
    "@10": {
      "count": 36,
      "ratio": 0.45569620253164556
    }
  }
}