{
  "hit@5": 0.6666666666666666,
  "hit@10": 0.8958333333333334,
  "MRR": 0.3955274470899471,
  "RepeatJaccard@10": 0.7063977217647238,
  "RepeatExactMatch@10": 0.1310185185185185,
  "ParaphraseJaccard@10": 0.5785298519754144,
  "ParaphraseExactMatch@10": 0.041666666666666664,
  "p95_latency_ms": 16556.327973492444,
  "hit_at_5": 0.6666666666666666,
  "hit_at_10": 0.8958333333333334,
  "mrr": 0.3955274470899471,
  "repeat_stability_jaccard_at_10": 0.7063977217647238,
  "paraphrase_stability_jaccard_at_10": 0.5785298519754144,
  "query_count": 48,
  "deterministic_repeats": 10,
  "primary_mode_name": "subset_48_det_false"
}
