{
  "total": 79,
  "failures": 0,
  "env": {
    "AGENT_SECOND_STAGE_DOC_RETRIEVE_ENABLED": "",
    "AGENT_EARLY_PAGE_PENALTY_ENABLED": "",
    "AGENT_EARLY_PAGE_PENALTY_MAX_PAGE": "",
    "AGENT_EARLY_PAGE_PENALTY_FACTOR": "",
    "AGENT_SECOND_STAGE_MAX_DOC_IDS": "",
    "AGENT_SECOND_STAGE_TOP_K": ""
  },
  "doc_hit": {
    "@1": {
      "count": 35,
      "ratio": 0.4430379746835443
    },
    "@3": {
      "count": 47,
      "ratio": 0.5949367088607594
    },
    "@5": {
      "count": 53,
      "ratio": 0.6708860759493671
    },
    "@10": {
      "count": 57,
      "ratio": 0.7215189873417721
    }
  },
  "page_hit": {
    "@1": {
      "count": 13,
      "ratio": 0.16455696202531644
    },
    "@3": {
      "count": 38,
      "ratio": 0.4810126582278481
    },
    "@5": {
      "count": 42,
      "ratio": 0.5316455696202531
    },
    "@10": {
      "count": 49,
      "ratio": 0.620253164556962
    }
  }
}