system_id,n_queries,n_ok,n_skipped,mean_raw_cont@5,mean_adj_cont@5,mean_adj_den@5,mean_shared@5,mean_shared_rel@5,mean_shared_rel_den@5,mean_ce@5,mean_hit@5,mean_mrr
B0,51,51,0,0.396078431372549,0.3591503267973856,4.176470588235294,0.16470588235294117,0.0,0.8235294117647058,0.47058823529411764,0.2549019607843137,0.1918300653594771
B1,51,51,0,0.4666666666666667,0.4748366013071896,4.607843137254902,0.0784313725490196,0.0196078431372549,0.39215686274509803,0.6862745098039216,0.17647058823529413,0.16666666666666666
B2,51,51,0,0.396078431372549,0.36013071895424836,4.176470588235294,0.16470588235294117,0.0196078431372549,0.8235294117647058,0.47058823529411764,0.29411764705882354,0.19411764705882353
B3,51,51,0,0.396078431372549,0.3591503267973856,4.137254901960785,0.17254901960784316,0.0196078431372549,0.8627450980392157,0.47058823529411764,0.29411764705882354,0.22385620915032678
