{
  "total": 79,
  "failures": 0,
  "env": {
    "AGENT_SECOND_STAGE_DOC_RETRIEVE_ENABLED": "",
    "AGENT_EARLY_PAGE_PENALTY_ENABLED": "",
    "AGENT_EARLY_PAGE_PENALTY_MAX_PAGE": "",
    "AGENT_EARLY_PAGE_PENALTY_FACTOR": "",
    "AGENT_SECOND_STAGE_MAX_DOC_IDS": "",
    "AGENT_SECOND_STAGE_TOP_K": ""
  },
  "doc_hit": {
    "@1": {
      "count": 35,
      "ratio": 0.4430379746835443
    },
    "@3": {
      "count": 44,
      "ratio": 0.5569620253164557
    },
    "@5": {
      "count": 52,
      "ratio": 0.6582278481012658
    },
    "@10": {
      "count": 57,
      "ratio": 0.7215189873417721
    }
  },
  "page_hit": {
    "@1": {
      "count": 13,
      "ratio": 0.16455696202531644
    },
    "@3": {
      "count": 36,
      "ratio": 0.45569620253164556
    },
    "@5": {
      "count": 41,
      "ratio": 0.5189873417721519
    },
    "@10": {
      "count": 48,
      "ratio": 0.6075949367088608
    }
  }
}