system_id,n_queries,n_ok,n_skipped,mean_raw_cont@5,mean_adj_cont@5,mean_adj_den@5,mean_shared@5,mean_shared_rel@5,mean_shared_rel_den@5,mean_ce@5,mean_hit@5,mean_mrr
B0,109,86,23,0.6441860465116279,0.6579457364341086,4.023255813953488,0.19534883720930232,0.07751937984496124,0.9767441860465116,0.8604651162790697,0.3488372093023256,0.26560077519379843
B1,109,86,23,0.6418604651162791,0.6656976744186046,4.453488372093023,0.10930232558139535,0.061046511627906974,0.5465116279069767,0.8604651162790697,0.2441860465116279,0.16521317829457366
B2,109,86,23,0.6418604651162791,0.6715116279069767,4.046511627906977,0.19069767441860466,0.08139534883720931,0.9534883720930233,0.872093023255814,0.36046511627906974,0.2684431524547804
B3,109,86,23,0.6255813953488372,0.6505813953488372,4.023255813953488,0.19534883720930232,0.08391472868217055,0.9767441860465116,0.8604651162790697,0.36046511627906974,0.2533407161314138
B4,109,86,23,0.5209302325581395,0.5395348837209302,4.023255813953488,0.19534883720930232,0.049031007751937986,0.9767441860465116,0.686046511627907,0.3372093023255814,0.22998800295311925
B4.5,109,86,23,0.5395348837209302,0.0,0.7674418604651163,0.8465116279069768,0.04302325581395349,4.232558139534884,0.0,0.13953488372093023,0.09932170542635659
P1,109,86,23,0.5790697674418605,0.0,0.13953488372093023,0.9720930232558139,0.05465116279069768,4.8604651162790695,0.0,0.16279069767441862,0.13459302325581393
