{
  "hit@5": 0.7291666666666666,
  "hit@10": 0.9583333333333334,
  "MRR": 0.4601686507936508,
  "RepeatJaccard@10": 0.9754769921436588,
  "RepeatExactMatch@10": 0.8699074074074074,
  "ParaphraseJaccard@10": 0.7166039978539979,
  "ParaphraseExactMatch@10": 0.027777777777777776,
  "p95_latency_ms": 1731.9841040298343,
  "hit_at_5": 0.7291666666666666,
  "hit_at_10": 0.9583333333333334,
  "mrr": 0.4601686507936508,
  "repeat_stability_jaccard_at_10": 0.9754769921436588,
  "paraphrase_stability_jaccard_at_10": 0.7166039978539979,
  "query_count": 48,
  "deterministic_repeats": 10,
  "primary_mode_name": "subset_48_det_true"
}
