{
  "total": 79,
  "failures": 31,
  "env": {
    "AGENT_SECOND_STAGE_DOC_RETRIEVE_ENABLED": "false",
    "AGENT_EARLY_PAGE_PENALTY_ENABLED": "true",
    "AGENT_EARLY_PAGE_PENALTY_MAX_PAGE": "2",
    "AGENT_EARLY_PAGE_PENALTY_FACTOR": "0.3",
    "AGENT_SECOND_STAGE_MAX_DOC_IDS": "",
    "AGENT_SECOND_STAGE_TOP_K": ""
  },
  "doc_hit": {
    "@1": {
      "count": 35,
      "ratio": 0.4430379746835443
    },
    "@3": {
      "count": 38,
      "ratio": 0.4810126582278481
    },
    "@5": {
      "count": 39,
      "ratio": 0.4936708860759494
    },
    "@10": {
      "count": 41,
      "ratio": 0.5189873417721519
    }
  },
  "page_hit": {
    "@1": {
      "count": 20,
      "ratio": 0.25316455696202533
    },
    "@3": {
      "count": 34,
      "ratio": 0.43037974683544306
    },
    "@5": {
      "count": 37,
      "ratio": 0.46835443037974683
    },
    "@10": {
      "count": 40,
      "ratio": 0.5063291139240507
    }
  }
}