{
  "total": 79,
  "failures": 0,
  "env": {
    "AGENT_SECOND_STAGE_DOC_RETRIEVE_ENABLED": "false",
    "AGENT_EARLY_PAGE_PENALTY_ENABLED": "true",
    "AGENT_EARLY_PAGE_PENALTY_MAX_PAGE": "2",
    "AGENT_EARLY_PAGE_PENALTY_FACTOR": "0.25",
    "AGENT_SECOND_STAGE_MAX_DOC_IDS": "",
    "AGENT_SECOND_STAGE_TOP_K": ""
  },
  "doc_hit": {
    "@1": {
      "count": 51,
      "ratio": 0.6455696202531646
    },
    "@3": {
      "count": 57,
      "ratio": 0.7215189873417721
    },
    "@5": {
      "count": 60,
      "ratio": 0.759493670886076
    },
    "@10": {
      "count": 62,
      "ratio": 0.7848101265822784
    }
  },
  "page_hit": {
    "@1": {
      "count": 30,
      "ratio": 0.379746835443038
    },
    "@3": {
      "count": 52,
      "ratio": 0.6582278481012658
    },
    "@5": {
      "count": 56,
      "ratio": 0.7088607594936709
    },
    "@10": {
      "count": 61,
      "ratio": 0.7721518987341772
    }
  }
}