system_id,n_queries,n_ok,n_skipped,mean_raw_cont@5,mean_adj_cont@5,mean_adj_den@5,mean_shared@5,mean_shared_rel@5,mean_shared_rel_den@5,mean_ce@5,mean_hit@5,mean_mrr
B0,23,22,1,0.7272727272727273,0.7643939393939394,4.5,0.1,0.0,0.5,1.0,0.0,0.0
B1,23,22,1,0.7363636363636363,0.7545454545454546,4.636363636363637,0.07272727272727274,0.0,0.36363636363636365,1.0,0.0,0.0
B2,23,22,1,0.7090909090909091,0.7484848484848484,4.454545454545454,0.10909090909090909,0.0,0.5454545454545454,1.0,0.0,0.0
B3,23,22,1,0.7272727272727273,0.7613636363636364,4.318181818181818,0.13636363636363635,0.0,0.6818181818181818,0.9545454545454546,0.0,0.0
B4,23,22,1,0.6818181818181818,0.7159090909090909,4.363636363636363,0.1272727272727273,0.0,0.6363636363636364,0.9090909090909091,0.0,0.0
B4.5,23,22,1,0.49090909090909096,0.0,0.18181818181818182,0.9636363636363636,0.0,4.818181818181818,0.0,0.0,0.0
P1,23,22,1,0.49090909090909096,0.0,0.18181818181818182,0.9636363636363636,0.0,4.818181818181818,0.0,0.0,0.0
