{
  "total": 79,
  "failures": 0,
  "env": {
    "AGENT_SECOND_STAGE_DOC_RETRIEVE_ENABLED": "",
    "AGENT_EARLY_PAGE_PENALTY_ENABLED": "",
    "AGENT_EARLY_PAGE_PENALTY_MAX_PAGE": "",
    "AGENT_EARLY_PAGE_PENALTY_FACTOR": "",
    "AGENT_SECOND_STAGE_MAX_DOC_IDS": "",
    "AGENT_SECOND_STAGE_TOP_K": ""
  },
  "doc_hit": {
    "@1": {
      "count": 42,
      "ratio": 0.5316455696202531
    },
    "@3": {
      "count": 48,
      "ratio": 0.6075949367088608
    },
    "@5": {
      "count": 50,
      "ratio": 0.6329113924050633
    },
    "@10": {
      "count": 58,
      "ratio": 0.7341772151898734
    }
  },
  "page_hit": {
    "@1": {
      "count": 16,
      "ratio": 0.20253164556962025
    },
    "@3": {
      "count": 41,
      "ratio": 0.5189873417721519
    },
    "@5": {
      "count": 42,
      "ratio": 0.5316455696202531
    },
    "@10": {
      "count": 49,
      "ratio": 0.620253164556962
    }
  }
}