{
  "deterministic_repeats": 1,
  "hit_at_5": 0.2,
  "k": 10,
  "mrr": 0.275515873015873,
  "p95_latency_ms": 12761.590609326959,
  "paraphrase_stability_jaccard_at_10": 0.9333333333333333,
  "query_count": 20,
  "repeat_stability_exactmatch_at_10": 0.0,
  "repeat_stability_jaccard_at_10": 0.0
}
