{
  "hit@5": 0.0,
  "hit@10": 1.0,
  "MRR": 0.14285714285714285,
  "RepeatJaccard@10": 1.0,
  "RepeatExactMatch@10": 1.0,
  "ParaphraseJaccard@10": 0.0,
  "ParaphraseExactMatch@10": 0.0,
  "p95_latency_ms": 1112.4941380694509
}
