system_id,n_queries,n_ok,n_skipped,mean_raw_cont@5,mean_adj_cont@5,mean_adj_den@5,mean_shared@5,mean_shared_rel@5,mean_shared_rel_den@5,mean_ce@5,mean_hit@5,mean_mrr
B4,22,22,0,0.045454545454545456,0.045454545454545456,4.363636363636363,0.1272727272727273,0.0,0.6363636363636364,0.045454545454545456,0.4090909090909091,0.32196969696969696
B4.5,22,22,0,0.1,0.0,3.8636363636363638,0.22727272727272727,0.01515151515151515,1.1363636363636365,0.0,0.4090909090909091,0.32846320346320346
P1,22,22,0,0.23636363636363636,0.0,0.5909090909090909,0.8818181818181817,0.03787878787878787,4.409090909090909,0.0,0.13636363636363635,0.13636363636363635
