{
  "total": 79,
  "failures": 0,
  "doc_hit": {
    "@1": {
      "count": 43,
      "ratio": 0.5443037974683544
    },
    "@3": {
      "count": 49,
      "ratio": 0.620253164556962
    },
    "@5": {
      "count": 50,
      "ratio": 0.6329113924050633
    },
    "@10": {
      "count": 57,
      "ratio": 0.7215189873417721
    }
  },
  "page_hit": {
    "@1": {
      "count": 15,
      "ratio": 0.189873417721519
    },
    "@3": {
      "count": 45,
      "ratio": 0.569620253164557
    },
    "@5": {
      "count": 47,
      "ratio": 0.5949367088607594
    },
    "@10": {
      "count": 55,
      "ratio": 0.6962025316455697
    }
  }
}