{
  "total": 79,
  "failures": 0,
  "doc_hit": {
    "@1": {
      "count": 42,
      "ratio": 0.5316455696202531
    },
    "@3": {
      "count": 46,
      "ratio": 0.5822784810126582
    },
    "@5": {
      "count": 50,
      "ratio": 0.6329113924050633
    },
    "@10": {
      "count": 56,
      "ratio": 0.7088607594936709
    }
  },
  "page_hit": {
    "@1": {
      "count": 39,
      "ratio": 0.4936708860759494
    },
    "@3": {
      "count": 46,
      "ratio": 0.5822784810126582
    },
    "@5": {
      "count": 50,
      "ratio": 0.6329113924050633
    },
    "@10": {
      "count": 56,
      "ratio": 0.7088607594936709
    }
  }
}