{
  "total": 79,
  "failures": 0,
  "env": {
    "AGENT_SECOND_STAGE_DOC_RETRIEVE_ENABLED": "",
    "AGENT_EARLY_PAGE_PENALTY_ENABLED": "",
    "AGENT_EARLY_PAGE_PENALTY_MAX_PAGE": "",
    "AGENT_EARLY_PAGE_PENALTY_FACTOR": "",
    "AGENT_SECOND_STAGE_MAX_DOC_IDS": "",
    "AGENT_SECOND_STAGE_TOP_K": ""
  },
  "doc_hit": {
    "@1": {
      "count": 34,
      "ratio": 0.43037974683544306
    },
    "@3": {
      "count": 45,
      "ratio": 0.569620253164557
    },
    "@5": {
      "count": 52,
      "ratio": 0.6582278481012658
    },
    "@10": {
      "count": 57,
      "ratio": 0.7215189873417721
    }
  },
  "page_hit": {
    "@1": {
      "count": 12,
      "ratio": 0.1518987341772152
    },
    "@3": {
      "count": 37,
      "ratio": 0.46835443037974683
    },
    "@5": {
      "count": 41,
      "ratio": 0.5189873417721519
    },
    "@10": {
      "count": 47,
      "ratio": 0.5949367088607594
    }
  }
}