{
  "total": 79,
  "failures": 20,
  "env": {
    "AGENT_SECOND_STAGE_DOC_RETRIEVE_ENABLED": "false",
    "AGENT_EARLY_PAGE_PENALTY_ENABLED": "true",
    "AGENT_EARLY_PAGE_PENALTY_MAX_PAGE": "2",
    "AGENT_EARLY_PAGE_PENALTY_FACTOR": "0.25",
    "AGENT_SECOND_STAGE_MAX_DOC_IDS": "",
    "AGENT_SECOND_STAGE_TOP_K": ""
  },
  "doc_hit": {
    "@1": {
      "count": 33,
      "ratio": 0.4177215189873418
    },
    "@3": {
      "count": 38,
      "ratio": 0.4810126582278481
    },
    "@5": {
      "count": 41,
      "ratio": 0.5189873417721519
    },
    "@10": {
      "count": 43,
      "ratio": 0.5443037974683544
    }
  },
  "page_hit": {
    "@1": {
      "count": 22,
      "ratio": 0.27848101265822783
    },
    "@3": {
      "count": 35,
      "ratio": 0.4430379746835443
    },
    "@5": {
      "count": 37,
      "ratio": 0.46835443037974683
    },
    "@10": {
      "count": 42,
      "ratio": 0.5316455696202531
    }
  }
}