{
  "total": 79,
  "failures": 0,
  "env": {
    "AGENT_SECOND_STAGE_DOC_RETRIEVE_ENABLED": "false",
    "AGENT_EARLY_PAGE_PENALTY_ENABLED": "true",
    "AGENT_EARLY_PAGE_PENALTY_MAX_PAGE": "2",
    "AGENT_EARLY_PAGE_PENALTY_FACTOR": "0.2",
    "AGENT_SECOND_STAGE_MAX_DOC_IDS": "",
    "AGENT_SECOND_STAGE_TOP_K": ""
  },
  "doc_hit": {
    "@1": {
      "count": 36,
      "ratio": 0.45569620253164556
    },
    "@3": {
      "count": 50,
      "ratio": 0.6329113924050633
    },
    "@5": {
      "count": 51,
      "ratio": 0.6455696202531646
    },
    "@10": {
      "count": 55,
      "ratio": 0.6962025316455697
    }
  },
  "page_hit": {
    "@1": {
      "count": 26,
      "ratio": 0.3291139240506329
    },
    "@3": {
      "count": 39,
      "ratio": 0.4936708860759494
    },
    "@5": {
      "count": 40,
      "ratio": 0.5063291139240507
    },
    "@10": {
      "count": 46,
      "ratio": 0.5822784810126582
    }
  }
}