{
  "hit@5": 0.3333333333333333,
  "hit@10": 1.0,
  "MRR": 0.4255952380952381,
  "RepeatJaccard@10": 0.0,
  "RepeatExactMatch@10": 0.0,
  "ParaphraseJaccard@10": 0.9545454545454546,
  "ParaphraseExactMatch@10": 0.08333333333333333,
  "p95_latency_ms": 11033.728265203536,
  "hit_at_5": 0.3333333333333333,
  "hit_at_10": 1.0,
  "mrr": 0.4255952380952381,
  "repeat_stability_jaccard_at_10": 0.0,
  "paraphrase_stability_jaccard_at_10": 0.9545454545454546,
  "query_count": 6,
  "deterministic_repeats": 1,
  "primary_mode_name": "stability_aware_mq_v2"
}
