system_id,n_queries,n_ok,n_skipped,mean_raw_cont@5,mean_adj_cont@5,mean_adj_den@5,mean_shared@5,mean_shared_rel@5,mean_shared_rel_den@5,mean_ce@5,mean_hit@5,mean_mrr
B4,51,51,0,0.3607843137254902,0.32287581699346407,4.137254901960785,0.17254901960784316,0.0,0.8627450980392157,0.4117647058823529,0.29411764705882354,0.22385620915032678
B4.5,51,51,0,0.48627450980392156,0.0,1.8627450980392157,0.6274509803921569,0.0065359477124183,3.1372549019607843,0.0,0.17647058823529413,0.14169000933706816
P1,51,51,0,0.5450980392156863,0.0,0.45098039215686275,0.9098039215686274,0.01633986928104575,4.549019607843137,0.0,0.058823529411764705,0.058823529411764705
