scope_observability,system_id,n_queries,n_ok,n_skipped,mean_raw_cont@5,mean_adj_cont@5,mean_adj_den@5,mean_shared@5,mean_shared_rel@5,mean_shared_rel_den@5,mean_ce@5,mean_hit@5,mean_mrr
explicit_device,B4,22,22,0,0.045454545454545456,0.045454545454545456,4.363636363636363,0.1272727272727273,0.0,0.6363636363636364,0.045454545454545456,0.4090909090909091,0.32196969696969696
explicit_device,B4.5,22,22,0,0.1,0.0,3.8636363636363638,0.22727272727272727,0.01515151515151515,1.1363636363636365,0.0,0.4090909090909091,0.32846320346320346
explicit_device,P1,22,22,0,0.23636363636363636,0.0,0.5909090909090909,0.8818181818181817,0.03787878787878787,4.409090909090909,0.0,0.13636363636363635,0.13636363636363635
explicit_equip,B4,8,8,0,0.925,0.90625,4.5,0.1,0.0,0.5,1.0,0.0,0.0
explicit_equip,B4.5,8,8,0,0.925,0.0,0.0,1.0,0.0,5.0,0.0,0.0,0.0
explicit_equip,P1,8,8,0,0.925,0.0,0.0,1.0,0.0,5.0,0.0,0.0,0.0
implicit,B4,21,21,0,0.47619047619047616,0.39126984126984127,3.761904761904762,0.24761904761904763,0.0,1.2380952380952381,0.5714285714285714,0.2857142857142857,0.20634920634920634
implicit,B4.5,21,21,0,0.7238095238095238,0.0,0.47619047619047616,0.9047619047619048,0.0,4.523809523809524,0.0,0.0,0.0
implicit,P1,21,21,0,0.7238095238095238,0.0,0.47619047619047616,0.9047619047619048,0.0,4.523809523809524,0.0,0.0,0.0
