{
  "total": 79,
  "failures": 31,
  "env": {
    "AGENT_SECOND_STAGE_DOC_RETRIEVE_ENABLED": "",
    "AGENT_EARLY_PAGE_PENALTY_ENABLED": "",
    "AGENT_EARLY_PAGE_PENALTY_MAX_PAGE": "",
    "AGENT_EARLY_PAGE_PENALTY_FACTOR": "",
    "AGENT_SECOND_STAGE_MAX_DOC_IDS": "",
    "AGENT_SECOND_STAGE_TOP_K": ""
  },
  "doc_hit": {
    "@1": {
      "count": 31,
      "ratio": 0.3924050632911392
    },
    "@3": {
      "count": 33,
      "ratio": 0.4177215189873418
    },
    "@5": {
      "count": 33,
      "ratio": 0.4177215189873418
    },
    "@10": {
      "count": 40,
      "ratio": 0.5063291139240507
    }
  },
  "page_hit": {
    "@1": {
      "count": 10,
      "ratio": 0.12658227848101267
    },
    "@3": {
      "count": 29,
      "ratio": 0.3670886075949367
    },
    "@5": {
      "count": 29,
      "ratio": 0.3670886075949367
    },
    "@10": {
      "count": 35,
      "ratio": 0.4430379746835443
    }
  }
}